{
  "metadata": {
    "name": "Civis",
    "lastOpened": 0,
    "created": 1539677710626
  },
  "iconSets": [
    {
      "selection": [
        {
          "order": 13,
          "id": 13,
          "name": "hourglass",
          "prevSize": 32
        },
        {
          "order": 14,
          "id": 23,
          "name": "time",
          "prevSize": 32
        },
        {
          "order": 15,
          "id": 22,
          "name": "time-alt",
          "prevSize": 32
        },
        {
          "order": 16,
          "id": 21,
          "name": "turn",
          "prevSize": 32
        },
        {
          "id": 3,
          "order": 17,
          "prevSize": 20,
          "name": "production"
        },
        {
          "order": 18,
          "id": 30,
          "name": "production-alt",
          "prevSize": 32
        },
        {
          "order": 19,
          "id": 31,
          "name": "settings",
          "prevSize": 32
        },
        {
          "order": 20,
          "id": 10,
          "name": "trade",
          "prevSize": 32
        },
        {
          "order": 21,
          "id": 14,
          "name": "culture",
          "prevSize": 32
        },
        {
          "order": 22,
          "id": 4,
          "name": "globe",
          "prevSize": 32
        },
        {
          "order": 23,
          "id": 26,
          "name": "building",
          "prevSize": 32
        },
        {
          "id": 1,
          "order": 24,
          "prevSize": 20,
          "name": "research"
        },
        {
          "order": 25,
          "id": 8,
          "name": "flag",
          "prevSize": 20
        },
        {
          "id": 2,
          "order": 26,
          "prevSize": 20,
          "name": "location"
        },
        {
          "order": 27,
          "id": 25,
          "name": "population",
          "prevSize": 32
        },
        {
          "order": 28,
          "id": 17,
          "name": "talk",
          "prevSize": 32
        }
      ],
      "id": 6,
      "metadata": {
        "name": "Civis",
        "url": "",
        "designer": "",
        "designerURL": "",
        "license": "",
        "licenseURL": "",
        "iconsHash": 1204378869,
        "importSize": {
          "width": 32,
          "height": 32
        }
      },
      "height": 1024,
      "prevSize": 32,
      "icons": [
        {
          "id": 13,
          "paths": [
            "M784 896c8.8 0 16 7.168 16 16s0 48 0 48h-608c0 0 0-39.168 0-48s7.168-16 16-16h53.44c2.656-213.056 141.824-281.728 141.824-367.84 0-86.56-141.728-92.32-143.072-368.16h-52.192c-8.832 0-16-7.168-16-16s0-48 0-48h608c0 0 0 39.168 0 48s-7.2 16-16 16h-48.96c-1.344 275.84-143.072 281.6-143.072 368.16 0 86.112 139.2 154.784 141.856 367.84h50.176zM547.552 528.16c0-86.912 141.76-92.32 143.072-368.16h-386.016c1.312 275.84 143.072 281.248 143.072 368.16 0 83.552-139.232 153.984-141.856 367.84h24.256c5.696-18.976 24.608-41.792 57.28-58.688l42.464-21.664c26.688-13.792 42.688-23.104 48-27.904s11.328-15.552 18.048-32.256c7.072 16.672 13.12 27.424 18.24 32.256s20.928 14.112 47.488 27.904l42.24 21.664c32.48 16.896 51.328 39.712 56.928 58.688h28.608c-2.624-213.856-141.824-284.288-141.824-367.84zM514.24 481.184c-3.84 7.552-7.072 21.92-9.632 43.104-0.64 6.4-2.048 16.032-4.32 28.864-2.24-12.832-3.68-22.464-4.32-28.864-2.592-21.184-5.824-35.52-9.696-43.104-3.872-7.52-14.784-21.056-32.8-40.672l-40.032-43.776c-27.36-29.504-44.896-50.688-52.608-63.488 47.488 30.24 93.856 45.376 139.104 45.376s91.776-15.136 139.584-45.376c-8 12.8-25.6 33.984-52.768 63.488l-39.872 43.776c-17.92 19.616-28.832 33.152-32.64 40.672z"
          ],
          "attrs": [
            {}
          ],
          "isMulticolor": false,
          "isMulticolor2": false,
          "tags": [
            "hourglass",
            "timer",
            "loading"
          ],
          "grid": 32
        },
        {
          "id": 23,
          "paths": [
            "M658.744 749.256l-210.744-210.746v-282.51h128v229.49l173.256 173.254zM512 0c-282.77 0-512 229.23-512 512s229.23 512 512 512 512-229.23 512-512-229.23-512-512-512zM512 896c-212.078 0-384-171.922-384-384s171.922-384 384-384c212.078 0 384 171.922 384 384s-171.922 384-384 384z"
          ],
          "attrs": [
            {}
          ],
          "isMulticolor": false,
          "isMulticolor2": false,
          "tags": [
            "clock",
            "time",
            "schedule"
          ],
          "grid": 16
        },
        {
          "id": 22,
          "paths": [
            "M512 0c-282.77 0-512 229.23-512 512s229.23 512 512 512 512-229.23 512-512-229.23-512-512-512zM658.744 749.256l-210.744-210.746v-282.51h128v229.49l173.256 173.254-90.512 90.512z"
          ],
          "attrs": [
            {}
          ],
          "isMulticolor": false,
          "isMulticolor2": false,
          "tags": [
            "clock",
            "time",
            "schedule"
          ],
          "grid": 16
        },
        {
          "id": 21,
          "paths": [
            "M512.002 193.212v-65.212h128v-64c0-35.346-28.654-64-64.002-64h-191.998c-35.346 0-64 28.654-64 64v64h128v65.212c-214.798 16.338-384 195.802-384 414.788 0 229.75 186.25 416 416 416s416-186.25 416-416c0-218.984-169.202-398.448-384-414.788zM706.276 834.274c-60.442 60.44-140.798 93.726-226.274 93.726s-165.834-33.286-226.274-93.726c-60.44-60.44-93.726-140.8-93.726-226.274s33.286-165.834 93.726-226.274c58.040-58.038 134.448-91.018 216.114-93.548l-21.678 314.020c-1.86 26.29 12.464 37.802 31.836 37.802s33.698-11.512 31.836-37.802l-21.676-314.022c81.666 2.532 158.076 35.512 216.116 93.55 60.44 60.44 93.726 140.8 93.726 226.274s-33.286 165.834-93.726 226.274z"
          ],
          "attrs": [
            {}
          ],
          "isMulticolor": false,
          "isMulticolor2": false,
          "tags": [
            "stopwatch",
            "time",
            "speed",
            "meter",
            "chronometer"
          ],
          "grid": 16
        },
        {
          "id": 3,
          "paths": [
            "M160.512 352.768c47.77-37.12 87.398-11.52 140.288 49.715 5.939 6.912 13.926-1.178 18.483-5.12 4.506-3.994 74.291-66.816 77.722-69.683 3.379-3.021 7.475-8.653 2.099-14.95-5.478-6.298-25.293-32-38.042-48.691-92.57-121.088 253.235-203.213 200.141-204.493-27.034-0.717-135.475-1.997-151.706-0.205-65.69 6.912-148.173 68.301-189.696 96.922-54.323 37.171-74.598 58.982-77.926 62.003-15.36 13.414-2.458 44.39-30.31 68.813-29.44 25.754-47.821 6.246-64.87 21.197-8.448 7.475-32.102 25.19-38.861 31.078-6.81 5.99-8.038 16.077-1.075 24.115 0 0 64.717 71.475 70.144 77.824 5.376 6.246 20.019 11.674 29.030 3.635 9.062-7.987 32.358-28.314 36.25-31.898 3.994-3.379-2.56-44.083 18.33-60.262zM452.762 379.238c-6.144-7.117-13.773-7.322-20.326-1.485l-73.421 64.102c-5.786 5.12-6.605 14.49-1.382 20.48l424.653 483.277c9.933 11.418 27.136 12.595 38.451 2.714l49.664-41.626c11.366-9.984 12.544-27.29 2.662-38.81l-420.301-488.653zM1018.982 173.568c-3.789-25.293-16.896-20.019-23.706-9.318-6.81 10.803-36.915 56.422-49.306 77.107-12.288 20.48-42.598 60.979-99.021 20.992-58.778-41.523-38.349-70.502-28.109-90.010 10.291-19.61 41.882-74.598 46.438-81.408 4.557-6.912-0.768-26.982-18.995-18.586-18.278 8.397-129.178 52.48-144.538 115.712-15.718 64.307 13.158 121.805-43.52 178.893l-68.762 71.68 69.069 80.179 84.685-80.384c20.173-20.275 63.283-39.987 102.298-31.078 83.61 18.893 129.229-12.493 156.723-64.41 24.678-46.387 20.582-144.077 16.742-169.37zM140.237 873.114c-10.65 10.701-10.65 28.109 0 38.81l48.691 47.616c10.65 10.701 27.546 6.195 38.195-4.506l251.238-246.989-76.954-87.757-261.171 252.826z"
          ],
          "attrs": [],
          "isMulticolor": false,
          "isMulticolor2": false,
          "tags": [
            "tools"
          ],
          "grid": 20
        },
        {
          "id": 30,
          "paths": [
            "M1009.996 828.976l-301.544-301.544c-18.668-18.668-49.214-18.668-67.882 0l-22.626 22.626-184-184 302.056-302.058h-320l-142.058 142.058-14.060-14.058h-67.882v67.882l14.058 14.058-206.058 206.060 160 160 206.058-206.058 184 184-22.626 22.626c-18.668 18.668-18.668 49.214 0 67.882l301.544 301.544c18.668 18.668 49.214 18.668 67.882 0l113.136-113.136c18.67-18.666 18.67-49.214 0.002-67.882z"
          ],
          "attrs": [
            {}
          ],
          "isMulticolor": false,
          "isMulticolor2": false,
          "tags": [
            "hammer",
            "tool",
            "fix",
            "make",
            "generate",
            "work",
            "build"
          ],
          "grid": 16
        },
        {
          "id": 31,
          "paths": [
            "M933.79 610.25c-53.726-93.054-21.416-212.304 72.152-266.488l-100.626-174.292c-28.75 16.854-62.176 26.518-97.846 26.518-107.536 0-194.708-87.746-194.708-195.99h-201.258c0.266 33.41-8.074 67.282-25.958 98.252-53.724 93.056-173.156 124.702-266.862 70.758l-100.624 174.292c28.97 16.472 54.050 40.588 71.886 71.478 53.638 92.908 21.512 211.92-71.708 266.224l100.626 174.292c28.65-16.696 61.916-26.254 97.4-26.254 107.196 0 194.144 87.192 194.7 194.958h201.254c-0.086-33.074 8.272-66.57 25.966-97.218 53.636-92.906 172.776-124.594 266.414-71.012l100.626-174.29c-28.78-16.466-53.692-40.498-71.434-71.228zM512 719.332c-114.508 0-207.336-92.824-207.336-207.334 0-114.508 92.826-207.334 207.336-207.334 114.508 0 207.332 92.826 207.332 207.334-0.002 114.51-92.824 207.334-207.332 207.334z"
          ],
          "attrs": [
            {}
          ],
          "isMulticolor": false,
          "isMulticolor2": false,
          "tags": [
            "cog",
            "gear",
            "preferences",
            "settings",
            "generate",
            "control",
            "options"
          ],
          "grid": 16
        },
        {
          "id": 10,
          "paths": [
            "M640 512v128h151.616l-171.872 171.872c-108.448 108.672-297.888 108.672-406.432 0l-90.56 90.368c78.432 78.528 182.88 121.76 293.888 121.76 111.072 0 215.264-43.264 293.6-121.76l185.76-185.6v179.36h128v-384h-384zM384 384h-151.616l171.872-171.872c108.448-108.672 297.888-108.672 406.432 0l90.56-90.368c-78.432-78.496-182.88-121.76-293.92-121.76-111.072 0-215.264 43.264-293.6 121.76l-185.728 185.6v-179.36h-128v384h384v-128z"
          ],
          "attrs": [
            {}
          ],
          "isMulticolor": false,
          "isMulticolor2": false,
          "tags": [
            "loop",
            "refresh",
            "reload",
            "reset",
            "arrows"
          ],
          "grid": 16
        },
        {
          "id": 14,
          "paths": [
            "M480 828v-628c0 0-86.016-72-208-72s-208 64-208 64v636c0 0 86.016-62.016 208-62.016s208 62.016 208 62.016zM928 828v-628c0 0-86.016-72-208-72s-208 64-208 64v636c0 0 86.016-62.016 208-62.016s208 62.016 208 62.016zM992 256h-32v608h-384v32h-160v-32h-384v-608h-32v640h384v32h225.984l-1.984-32h384v-640z"
          ],
          "attrs": [
            {}
          ],
          "isMulticolor": false,
          "isMulticolor2": false,
          "tags": [
            "book",
            "reading"
          ],
          "grid": 32
        },
        {
          "id": 4,
          "paths": [
            "M512 1024c-282.752 0-512-229.248-512-512s229.248-512 512-512c282.752 0 512 229.248 512 512s-229.248 512-512 512zM926.976 469.088c0.832-0.416 1.28-1.12 1.6-2.24 0.672 3.552 2.304 6.688 4.928 8.992 0.064 0.32-0.096 0.256 0.064 0.704 0.256 0 0.448-0.192 0.672-0.192 2.688 2.176 6.016 3.648 9.76 3.648 5.76 0 10.56-3.2 13.376-7.712 0.192 0.224 0.512 0.512 0.672 0.768-0.032-0.512-0.096-1.024-0.16-1.536 1.248-2.272 2.112-4.768 2.112-7.52 0-8.832-7.2-16-16-16-5.632 0-10.304 3.072-13.184 7.424-0.128-0.096 0-0.48-0.352-0.352 0.416-1.216-0.704-4.32-2.464-7.648v16.576c0 1.824-0.512 3.456-1.024 5.088zM191.744 464.288c0-4.832-11.008-13.056-13.856-13.056 0-0.864-4.48-10.72-6.176-10.72 0-3.328-11.68-18.272-13.536-11.744-1.216 4.224 8.928 9.92 8.928 14.816 1.888 0 9.824 15.040 11.392 17.664 17.344 29.312-12.96 9.28-12.96-3.136-3.872-1.92-9.984-16.672-9.984-20.704-2.272-1.824-8.992-16.064-8.448-16.064 0-9.344-5.152-13.824-15.392-13.824-0.48-0.928-9.088-13.024-9.248-13.024 0-3.84-6.912-15.744-10.752-17.632 0-7.968-4.096-17.792-2.272-26.048 0-8.672-0.448-18.496-3.392-27.392-26.72 57.376-42.048 121.12-42.048 188.576 0 193.312 122.688 357.568 294.272 420.384 0.192-15.872 1.376-34.88 4.992-34.88 0-2.368 2.016-12.288 3.84-12.288 0-6.080 0.736-13.408 0-20.704-2.272-4.576 3.008-10.432 4.608-17.632 8.864-4.448 2.592-49.056 9.28-49.056 0-22.304 4.992-35.296 1.504-55.968 1.696 0-10.080-12.512-9.984-12.288-11.296 0-19.2-18.112-19.2-26.048-1.088-3.488-3.872-8.704-3.872-13.024 2.592 0-16.16-27.392-16.16-26.848-9.92-5.504 0.544-13.184 1.536-22.208-8.608-2.848 0.096-26.080 3.84-26.080 0.384-2.944 1.92-4.96 4.64-6.112 1.92 7.648 10.848-3.808 3.84-3.808 0-5.056-0.576-15.872 0-18.4 0-7.808-6.912-23.104-12.288-6.912-5.76-2.848-20.288-2.336-21.536-11.488 0.896-4.512-8.288-13.728-11.52-15.328 3.008-7.872-15.584-18.4-22.304-18.4 0-1.696-3.552-0.928-4.608-3.072-6.848 0-8.416-9.216-16.16-9.216-8.928 0-17.92-6.112-26.144-6.112-2.752-5.472-15.52-3.328-18.464-9.216-6.688 0-9.312-12.672-9.504-17.344-0.288-5.76-4.864-25.664-12.864-25.664zM839.936 207.488c-0.064 0.192 0.064 0.064-0.256 0.704 0.48 0 1.056 0.544 1.6 0.768-0.48-0.48-0.896-0.96-1.344-1.472zM849.568 218.080c1.12 2.176 1.952 4.192 1.696 5.44 1.12 0.032 1.664-0.576 2.56-0.8-1.376-1.568-2.88-3.040-4.256-4.64zM877.376 363.872c0.512-13.824-11.52-11.52-15.328-19.2-3.968 0-5.408-3.072-10.784-3.072-3.488-1.184-6.24-0.352-8.256 2.496-8.224 3.136-3.264-4-9.44-4 0.288-7.904-2.848-10.080-11.552-9.216-4.992 11.264-12.672 18.016-11.52 30.688 3.68 0.832 3.040 1.664 2.304 5.344 4.896 0.256 34.592-1.536 34.592-4.608 1.024 0 6.176 10.592 6.176 1.536 4.128 0 6.304 9.696 16.16 6.88 0 1.984 16.448-6.848 7.648-6.848zM878.944 527.168c0.576-2.816-1.408-4.064-3.072-6.912 4.384 0-13.856-33.824-13.856-39.104-2.784-1.376-6.336-11.040-6.976-14.56-3.744-2.496-7.616-10.688-9.216-15.328-3.808-2.528-13.088-13.856-14.592-19.168 5.504 0.608 13.824 1.728 13.824-5.376-3.712 0-4.256-4.576-0.736-4.576-1.152-4.704 2.496-8.096 3.296-11.776 0.96-4.448 2.848-11.296 2.848-16.608-5.28 0-6.56 0.896-10.752 2.304 0 3.104-9.376-0.768-10.752-0.768-2.016-4.032-16.64 5.248-20.736-3.072-6.624-5.984-4.832-10.592-6.976-19.040-1.088-4.288-6.944-4.544-10.496-5.248-10.016-1.952-2.784 11.936-3.328 15.104 6.144 0-3.872 7.616-3.872 11.488-10.368-2.24-6.912-13.792-13.024-16.864-1.824-3.072-0.384-5.376-4.64-5.376 0-4.096 2.176-11.52-2.304-13.024 0-1.984-8.704-2.784-9.984-5.376-5.504 0-18.304-20.8-22.24-13.792-2.464 4.48 2.080 5.568 3.008 9.216 7.968-1.568 7.2 13.12 16.928 11.488 0 2.048 0.256 4.128 0.736 6.144 7.2-1.696 6.368 5.344 9.984 5.344-2.624 3.488-10.944-5.568-8.672 2.048 1.312 4.416 0.576 8.192-5.152 12.512 0-4.768-0.384-17.632-5.376-17.632-3.392-6.784-13.472-5.152-17.728-11.488-3.456 0-4.8-10.752-10.752-11.488-1.12 1.568-5.312 3.072-6.944 3.072-3.232 6.496-21.504 0.672-21.504 1.536-0.288 0.064-10.24 24.384-10.816 27.584-1.12 6.88-6.656 7.008-8.32 13.536-0.832 3.264-20.896 1.728-20.896 4.128-8.672-2.88-16.16-8.96-16.16-18.4-0.704 0 1.632-24.096 3.104-27.616 1.76 0.48 2.112 1.088 3.104 3.072 5.312-1.984 17.696 1.312 17.696-4.608 5.152 0.128 6.688 2.176 4.608 6.144 4.8 0.896 13.088 2.112 13.088-4.608-2.816 0-3.104-0.256-3.104-3.072 9.216-9.568-6.912-18.208-6.912-22.976-3.264-1.088-9.92-8.16-5.184-5.504 4 2.208 18.624 6.784 12.864-2.944 0.384-0.128 0.64-0.384 0.736-0.736 1.632 1.152 8.512 8.224 8.512 1.536 1.888 0 9.184-4.608 3.072-4.608 0.576-3.456 0.448-6.336 0.736-8.448 9.76 5.248 4.32-3.584 9.248-6.88 0 6.368 5.248-3.072 8.448-3.072 3.808-5.664 12.512-1.28 14.624-7.68-4.704-1.536-3.84-13.312-3.84-17.6 5.664 0.928 11.968-7.648 12.832-1.76 0.32 2.272 0.608 8.544 1.76 9.408 8.416 4.416 6.176-2.528 6.176-6.88-2.816 0-6.56-9.856-6.944-14.592-2.304 0.32-6.016 1.28-6.944 3.040-8.384 0-14.080-3.040-20.736-3.040-0.512-1.024-8.512-9.984-7.68-9.984-4.672-8.032 4.672-5.696 6.144-6.080 0-7.616 31.712-6.272 33.088-18.432-10.432 0 10.752-17.664 10.752-17.6 7.072-6.048 10.816-11.264 19.616-11.936 3.712-0.256 44.992-11.648 44.992-6.496 1.664 0.064 7.168 0.128 12.864 0.32-79.904-74.304-186.688-120.064-304.416-120.064-114.016 0-217.792 42.944-296.864 113.12 0.704 1.6 1.248 3.136 1.216 4.224 4.192-0.288 10.208-2.976 11.552 2.336-2.080-0.032-4.16-0.288-6.144-0.8 1.472 11.872-5.184 4.608-10.752 4.608 0-0.288-2.464-1.28-5.088-1.984-1.696 1.6-3.488 3.104-5.184 4.704 0.192 0.512-0.096 0.544 0.224 1.12 1.792 0 0.864 2.784 5.984 4.48 5.92 2.016 12.416 3.136 18.656 4.128 5.056 0.8 7.968-0.928 12.288-0.928 0-0.64 10.56-5.344 3.104-5.344 1.024-4.224-0.864-5.28-5.408-5.344 0.384-4.48 11.040-1.536 15.392-1.536 3.328-5.6 0.096-4.928 3.040-10.016 3.52-6.24 7.712-0.832 10.016-6.816 3.488 1.28 6.592 3.168 7.712 7.584 2.784 2.304 16.928 23.168 16.928 8.416 5.056 1.696 7.584 11.168 7.68 16.128 9.184-1.344 9.984-8.224 9.984-15.36 2.112 0-0.768-3.424-0.768-4.608 3.424-1.248 7.712 3.264 7.712-1.504 1.472 0 1.536 1.472 1.536 3.072 4.768 0.928 7.84-0.544 10.752 0.48 2.016 0.704 0.992 11.168 0.064 14.848-1.152 4.672-10.080 4.736-10.080 6.912-10.112 7.552 11.936 11.488 15.392 16.096-2.080 0-9.984-1.024-9.984-1.504-4.992 0-17.088 5.28-21.536 1.504 6.208 0 8.288-7.456 9.248-14.56-5.728-2.144-12.48 1.376-14.080 7.072-2.688 9.408-8.928-0.384-12.064 5.952-1.216 0.384-12.32 5.536-12.32 3.808-12.48 1.76-9.216 12.352-9.216 23.776 4.96 2.976 15.040 11.456 14.592 16.096 11.2 1.984 15.296 3.168 25.376 4.608 0.832 1.632 4.16 3.168 6.176 3.808 0 6.592 5.984 5.408 11.52 5.408 0-8.416 9.792 7.008 10.752 9.952-1.344 0 2.304 8.608 3.072 11.52-1.536-0.544-2.016 0-1.536 1.536 4.864 1.792 12.576 1.28 13.856-3.84-4.672 0-3.104-5.344-3.104-8.448-4.8-3.2-4.064-9.376 0.768-10.72 0 4.352 15.84-2.72 6.912-6.112 2.176-4.896 3.648-12.416 0.096-16.672-2.272-2.688-5.12 0-6.24-4.032 6.048-1.504 1.6-13.024 1.536-18.4 1.92-0.736 6.912 1.216 6.912 0 5.92 0 15.776 7.488 19.232-1.568 9.888 4.512 2.016 8.8 12.32 5.376 0 2.432 11.616 13.792 13.088 13.792 0 0.544-0.288 3.84 2.272 3.84 0 2.464-1.536-1.408-1.536 3.040 1.44 0.16 9.248 1.568 9.248-1.504 4.96 0 8.448-6.080 8.448-10.72 3.104-2.016 8.544 16.864 12.288 16.864 2.752 4.288 11.552 10.528 11.552 14.56 1.856 1.888 3.808 1.376 3.808 6.912 2.336 0 6.944-9.184 6.944-0.768 2.176 0 8.512 4.672 9.248 8.416-5.536 0-0.288 5.376-3.136 5.376 0 5.312-11.872 1.088-14.56 0.768-3.68 16.48-25.888 4.64-39.328 8.896-7.072 2.24-20.736 17.824-21.472 25.6 8.576 0.096 12.352-7.424 20-9.984 6.24 0 7.456-3.776 13.088-5.344 0 1.568 1.536 0.736 1.536 2.304-10.944 0-4.288 7.072-1.088 12.224 1.984 3.2 4.256 4.736 6.784 5.728-1.056 1.856-1.92 3.712-2.592 5.792 0 0.032-0.032 0-0.032 0.032-2.080 0.704-6.144 2.208-6.944 3.84-12.384 1.376-6.272 0.544-5.44-2.432 0.448 1.056 4.896 0.096 4.704 0.128-0.736-3.712-1.856-3.2-0.768-5.344-6.72 0-9.984 3.072-15.392 3.072-0.896 1.824-5.6 6.144-7.68 6.144-1.568 4.736-5.12 13.344-9.248 16.096 0-1.248-10.944 6.88-9.984 6.88-2.432 3.936-5.088 3.808-6.176 9.952-0.736 0.384-3.84 10.656-3.84 12.256-4.768 3.168-6.528 16.096-14.624 16.096-4.96 9.856-13.856 8.544-13.856 21.472 3.008 3.072 4.16 16.672 5.088 21.024 1.152 5.408 2.944 11.040-4.288 11.168-0.512-0.8-5.568-8.448-4.64-8.448 0-3.168-3.872-13.312-6.144-16.48-3.040-4.256-8.672 0.672-13.088-1.184-1.888-3.776-14.656-4.608-19.2-4.608 0.736 2.848 2.816 3.744 3.072 6.912-3.776 1.536-5.952 3.264-9.856 2.72-6.688-0.928-5.888-6.144-13.248-5.408-11.776 1.184-20 10.944-20 22.624-1.312 0-1.312 23.008 0 23.008 0 6.496 5.376 11.2 5.376 16.096 5.216 0 11.072 11.488 16.16 11.488 0.576 4.064-2.56 4.704 6.144 4.64 0-0.448 4.736-2.976 5.376-6.144-6.016-1.472-0.032-9.216 3.84-10.72 0 5.472 7.68-1.824 7.68-2.304 0.864-0.352 8.48-3.072 8.48-3.072 0-6.208 5.792 0.608 1.536 3.072-4.16 0-3.84 6.912-6.144 6.912-0.992 4.928-2.944 9.216-4.096 14.016-1.472 5.92 3.328 6.528 1.792 12.064 6.112 1.152 12.288 0.032 18.464 0 0.032-1.088-0.192-2.144-0.768-3.072 8.928 0 0.768 16.864 6.176 16.864 0 6.368 3.072 11.328 3.072 15.328 4.16 2.752 6.656 6.432 5.376 11.488 5.12 0.672 16.128 1.984 16.128-4.608 7.776 0 8.32 5.28 7.744 10.72 15.488 0 5.792-15.328 12.256-15.328 0.608-2.528 1.664-2.976 3.168-1.312 3.168 1.696 5.568-3.168 8.096-4.704 0.8-0.544 3.616-2.176 4.128-2.176 2.176 1.312 2.368 0.928 3.328 2.4 4.224-0.032 8.48-2.4 12.096-4.896 5.536 0.672 3.744 12.576 14.112 13.312 4.16 0.288 13.792 1.44 17.376-1.024 0.896-0.608 4.192 2.080 4.544 3.232 3.456 0 3.2 3.008 4.672 2.944 0.352 0.672 0.864 0.928 1.568 0.736 0.448 1.312 3.2 1.696 4.64 5.344 0 3.328 6.912 3.904 6.912 6.112 4.96 2.496-1.696 3.168 5.92 5.472 4.192 1.312 8.064 3.424 12.576 3.744 1.44-5.472 6.112 0.736 8.48 0.736 1.216 2.496 1.856 0.608 3.040 3.072 7.136 5.952 2.432 3.648 5.376 9.984 3.424 2.24 4.512 10.048 5.44 14.56-2.752 0-0.8 10.528-0.8 11.52-3.328 0 8.512 6.304 8.512-1.568 4.864 0.8 8.064 6.112 11.52 6.112-2.016 4.64 5.376 8.128 5.376 0.8 7.296 0.736 5.344 11.616 4.64 15.328 5.408 0 6.976-3.008 11.584-3.584 4.992-3.168 10.56-5.472 16.864-5.472 17.696 0 32 14.304 32 32 0 15.936-11.872 28.576-27.136 31.008-2.048 2.336-3.904 4.352-4.032 4.352 0 1.536-0.352 16.832-0.8 16.832 0 3.072-2.336 19.936-4.608 19.936 0 8.672-5.664 10.24-7.68 18.4-4.672 3.456-17.312 9.216-19.264 13.024-3.616 0-6.304 3.072-9.984 3.072-0.512 1.056-8.352 8.448-6.944 8.448-0.576 5.44 0.416 18.24-2.528 21.824-1.984 2.368-4.832 2.112-3.584 5.824-4.32 0 0.256 3.072-6.56 3.072-4.288 0-11.936 6.112-12.16 11.296-0.288 6.336-1.984 10.912-7.424 14.784 0 2.176-9.984 2.816-9.984 8.448 0.928 0 0 10.432 0 11.488-2.976-0.096-10.272 2.88-11.52 5.344-10.048 0-8.832 1.024-15.36 5.376 0 1.344-0.928 6.112-2.304 6.112 0 7.776-5.536 0.704-10.016 4.64 1.76 0 4 7.648 3.072 7.648 0 6.752-4.192 7.328-8.448 12.288-2.016 1.344-3.936 6.912-5.376 6.912 0 4.544-2.272 8.672-2.272 13.024 0.96 0 0.064 1.952 0.736 3.776 2.144-0.608 2.208-3.040 3.072-3.040 0-3.84 6.112 2.272 2.304 2.272-3.168 4.8-6.592 4.896-8.48 11.52-1.92 0-3.584 1.856-4.992 4.032 37.696 10.272 77.248 16.288 118.272 16.288 157.568 0 295.872-81.536 375.744-204.576 0.48-11.328 2.24-22.144 3.488-25.888 3.136 2.304 5.472 6.624 7.68 0-5.536-1.088-4.192-3.008-2.304-7.648 2.112 1.28 6.368 2.848 9.824 2.624 1.056-1.984 1.888-4.096 2.944-6.080-3.136-2.432 1.184-8.736 2.688-5.664 0.8-1.536 1.504-3.136 2.24-4.672-0.352-0.096-0.256 0.128-0.768-0.032 0-2.784 0.512-2.432 2.336-3.84 0.032 0.288 0 0.288 0.064 0.544 27.936-58.464 44.064-123.648 44.064-192.768 0-2.272-0.32-4.448-0.352-6.72-0.832 3.136-2.4 6.528-4.608 7.296 0 2.016-22.88 11.968-21.504 16.096-4.032 0-18.176 4.032-20.768 9.184-2.848 0-14.336 4.064-15.392 6.144-14.272 0.032-11.552-16.832-18.432-16.832zM944 352h-16.992c-0.128-0.16-0.256-0.192-0.384-0.416-0.864 0-4.48-8.128-3.072-9.984 1.376 0 2.016 0.128 2.752 0.192-1.44-3.52-3.008-6.976-4.576-10.464-3.456 2.368-6.496 5.376-11.264 5.664 0 1.312-6.816 14.56 0 14.56 0 0.256 0.128 0.448 0.192 0.672-8.16 0.768-14.656 7.424-14.656 15.776 0 8.832 7.168 16 16 16h6.304c0.384 2.912 1.952 5.44 7.552 6.688 1.76 7.392 14.944 10.016 16.928 2.272-5.568 0-3.744-5.344-3.264-8.96h4.48c8.8 0 16-7.168 16-16s-7.2-16-16-16zM897.376 560.064c1.12 0.064 8.512-0.128 8.512-1.44 6.688 0 15.744-0.928 22.304-3.104 0 9.92-8.352 15.456-6.944 25.312-5.536 0-3.104 5.696-3.104 7.648-3.584 2.208-4.128 6.24-8.448 8.448 0 4.448-9.984 11.808-12.928 15.616-3.328 4.256-13.344 11.648-14.656 17.056 0.352-1.28-18.304 19.424-13.952 19.424 0 3.872-5.248 34.496 1.536 34.496 0 2.688 5.792 28.384 2.272 28.384 0 8.256-5.376 13.312-5.376 19.904-2.624 1.792-6.368 2.784-7.68 5.408-4.704 0-6.976 9.984-9.216 9.984 0 10.656-3.104 18.56-3.104 30.656 0.864 0-6.144 17.248-6.144 18.368-5.664 3.808-20 17.472-20 24.576 0 0-9.984 14.016-11.52 16.096-3.008 0-26.176 4.352-26.176 6.144-4.928 0-17.664 3.872-20.736-0.768 0-4.864-2.656-11.040-3.072-17.664-2.368 0-2.752-9.952-5.376-9.952 0-2.112-14.688-31.456-12.32-31.456 0-3.040-2.624-13.024-3.072-13.024 0-10.56-7.712-19.36-7.712-29.12-2.272 0-6.976-21.44-4.608-21.44 0-11.264 3.936-18.624 5.568-31.136 1.824-13.728-0.864-22.080-3.264-31.776-1.312 0-5.728-7.328-6.176-9.184-6.176-4.096-8.448-12.224-8.448-19.904 4.032-4.608 5.632-21.92 4.64-27.616-7.776-3.68-10.88-2.304-19.264-2.304-4.96-9.952-38.272-3.808-47.712-3.808 0 5.44-23.2-1.056-25.376-5.376-5.664 0-16.896-12.032-16.896-17.632-6.208-4.128-16.128-24.672-16.128-31.424-5.376-2.688-3.744-13.056-0.8-13.056 0.736-2.88-1.888-11.968-3.136-16.288-0.928-3.232 3.136-6.72 3.136-10.56 0-10.688 0.256-15.616 6.24-27.040 1.888-3.584 4.288-6.944 6.048-11.424 3.2-8.032 4.16-0.384 8.48-7.552 4.128-2.048 6.528-8.896 10.784-12.256 1.856-2.464 1.92-3.488 0-5.376 0.832 0 5.376-11.808 5.376-14.528 6.016-8.352 1.76-4.544 7.68-3.84 2.176-2.368 5.792-8.448 9.216-8.448 1.504-2.976 5.28-4.608 8.48-4.608 0 4.608 12.544-1.504 13.856-1.504 2.144-4.32 15.968-9.216 19.232-9.216 0-5.248 27.264 1.472 31.552 0.768 0-0.768 0-1.536 0-2.304 5.824 1.376 16.448 24.736 15.36 29.92 4.48 0 8.64-0.736 11.552 0 0 4.96 9.344 6.176 13.6 6.4 5.92 0.288 23.296-0.608 23.296-8.704 4.576 0 8.64 3.2 7.744 8.416 5.184 0.576 36 1.184 33.824 7.648 4.512 0 5.664 7.712 9.984 7.712-0.864 5.312 5.376 19.168 9.984 19.168 0 4.608 2.88 13.088 6.944 16.064 2.176 6.592 9.376 20.48 16.128 24.544-2.88 5.44 4.384 9.92 6.176 15.328-0.416 0 1.568 8.032 3.808 9.216 0 5.44 11.456 27.616 17.728 27.616 0.416 2.688-5.888 3.904 2.304 4.512zM731.264 388.384c1.184-4.576 3.872-1.024 6.368-0.192 5.92 1.92 3.872-0.096 8.256-2.080 0 12.48-7.168 3.008-14.624 2.272zM715.072 365.376c3.136 0 4 14.080-4.608 11.488 0-3.488-2.208-9.952 2.336-9.952 1.312 5.44 2.272 3.232 2.272-1.536zM711.264 356.192c3.552 1.536 5.12 1.024 4.608-1.536 4.672 1.536-0.608 4.864-1.536 8.448-2.4-2.368-1.664-3.2-3.072-6.912zM628.928 287.936c-7.552-1.952 7.776-4.192 8.448-6.112-2.56 0-4.32-2.656-3.328-4.896 1.152-2.656 3.040 3.168 5.664 1.856 3.104-0.32 9.216-4.96 6.080 4-3.2 9.088-6.112 15.744-17.632 15.904-4.128-4.16-0.16-6.336 0.768-10.752zM657.408 256.512c6.208 0 0.768 4.608-0.608 4.608 1.056 0.416-0.192 4.128-0.192 5.344 5.76-0.064 5.856-3.584 9.984-4.608-0.864 5.152-6.624 6.144-0.992 10.56 2.976 2.336 6.016 5.088 4.832 8.64 7.328 0 8.416 7.040 6.912 15.328 4.064 0 3.872 0.192 3.872-3.872 3.936 1.088 3.648 4.64 0 4.64-3.648 7.2-13.216 6.88-20 6.88-0.064-5.568-1.12-5.92-6.272-4.352-7.040 2.144-1.536-5.6-1.408-9.44 0.768 0 15.968 0.704 6.912-2.304-0.48-8.256-2.336-10.72-9.984-10.72 0-5.632-1.984-5.216-2.912-11.392-1.312-9.12 7.136 0.64 9.856-9.312zM655.072 306.336c0 1.888-3.84 3.392-4.608 0.736 0.736 0.256 1.024 0 0.736-0.736 1.312 0 2.624 0 3.872 0zM592 224h-32c-8.832 0-16-7.168-16-16s7.168-16 16-16h32c8.832 0 16 7.168 16 16s-7.168 16-16 16zM405.568 507.2c1.792 0 3.872 0.704 3.872 2.304-2.336 0-5.344 2.208-3.872-2.304zM376.384 508.768c-1.28 2.432-11.648 2.016-13.088-0.8 3.84 0 6.816 1.568 10.752 0 0-2.112-1.76-3.808-3.072-6.112 4.192 0 8.896 3.2 14.624 3.072 0-3.552-1.568 0.768 0-3.84 2.4 0.608 8.192 6.112 8.448 8.416-8.416-0.896-8.8-0.736-17.664-0.736zM342.528 490.368c-3.936 0-11.52-3.424-13.856-6.912 3.808 0.16 7.584 1.728 9.984-2.304 9.76 0.992 10.624 7.712 18.464 7.712 1.472 2.592 9.856 8.544 1.76 9.312-6.112 0.576-13.792-2.752-16.352-7.808zM348.672 511.84c-2.848 0-7.552 1.248-5.376-4.64 3.776 0.512 5.568 2.080 5.376 4.64zM354.048 511.072c-1.536 0.256-3.072 0.512-4.608 0.768 0.448-3.552 3.808-7.52 4.608-0.768zM382.496 544.768c-0.608 2.144-0.512 2.272-3.040 2.272 0.256-0.992 0.48-1.984 0.736-3.040 0.8 0.256 1.536 0.512 2.304 0.768zM313.28 481.152c0.736 0.256 1.536 0.544 2.304 0.768 0.992 3.808 3.072 1.92 5.376 0.768 0 4.448-10.304 5.728-7.68-1.536z"
          ],
          "attrs": [
            {}
          ],
          "isMulticolor": false,
          "isMulticolor2": false,
          "tags": [
            "earth",
            "globe"
          ],
          "grid": 16
        },
        {
          "id": 26,
          "paths": [
            "M1024 960v-64h-64v-384h64v-64h-192v64h64v384h-192v-384h64v-64h-192v64h64v384h-192v-384h64v-64h-192v64h64v384h-192v-384h64v-64h-192v64h64v384h-64v64h-64v64h1088v-64h-64z",
            "M512 0h64l512 320v64h-1088v-64l512-320z"
          ],
          "attrs": [
            {},
            {}
          ],
          "width": 1088,
          "isMulticolor": false,
          "isMulticolor2": false,
          "tags": [
            "library",
            "bank",
            "building"
          ],
          "grid": 16
        },
        {
          "id": 1,
          "paths": [
            "M841.318 768c-104.704-261.478-226.918-330.394-226.918-460.8v-153.6h25.6c14.131 0 25.6-11.469 25.6-25.6v-51.2c0-14.131-11.469-25.6-25.6-25.6h-256c-14.131 0-25.6 11.469-25.6 25.6v51.2c0 14.131 11.469 25.6 25.6 25.6h25.6v153.6c0 130.406-122.214 199.322-226.918 460.8-33.331 83.2-118.938 204.8 329.318 204.8s362.65-121.6 329.318-204.8zM758.528 857.651c-35.942 10.752-107.469 22.989-246.528 22.989s-210.586-12.237-246.528-22.989c-12.749-3.789-17.715-18.586-13.21-32.154 11.264-34.304 32.512-93.594 72.243-159.795 97.075-161.741 197.786 25.446 281.6 25.446s60.826-79.923 93.389-25.446c39.629 66.253 60.979 125.491 72.243 159.795 4.506 13.568-0.461 28.314-13.21 32.154z"
          ],
          "attrs": [],
          "isMulticolor": false,
          "isMulticolor2": false,
          "tags": [
            "lab-flask"
          ],
          "grid": 20
        },
        {
          "id": 8,
          "paths": [
            "M969.011 285.901c-478.157 694.682-314.47-13.312-718.694 325.478l91.904 361.421h-103.373l-187.648-737.792 94.72-33.997c453.069-331.315 216.474 297.984 800.614 64.205 18.637-7.526 33.536 4.608 22.477 20.685z"
          ],
          "attrs": [
            {}
          ],
          "isMulticolor": false,
          "isMulticolor2": false,
          "tags": [
            "flag"
          ],
          "grid": 20
        },
        {
          "id": 2,
          "paths": [
            "M512 102.861c-141.414 0-256 114.125-256 255.488 0 244.429 256 563.2 256 563.2s256-318.822 256-563.2c0-141.312-114.586-255.488-256-255.488zM512 499.712c-76.39 0-138.24-61.901-138.24-138.24s61.85-138.24 138.24-138.24c76.288 0 138.189 61.901 138.189 138.24s-61.901 138.24-138.189 138.24z"
          ],
          "attrs": [],
          "isMulticolor": false,
          "isMulticolor2": false,
          "tags": [
            "location-pin"
          ],
          "grid": 20
        },
        {
          "id": 25,
          "paths": [
            "M768 770.612v-52.78c70.498-39.728 128-138.772 128-237.832 0-159.058 0-288-192-288s-192 128.942-192 288c0 99.060 57.502 198.104 128 237.832v52.78c-217.102 17.748-384 124.42-384 253.388h896c0-128.968-166.898-235.64-384-253.388z",
            "M327.196 795.328c55.31-36.15 124.080-63.636 199.788-80.414-15.054-17.784-28.708-37.622-40.492-59.020-30.414-55.234-46.492-116.058-46.492-175.894 0-86.042 0-167.31 30.6-233.762 29.706-64.504 83.128-104.496 159.222-119.488-16.914-76.48-61.94-126.75-181.822-126.75-192 0-192 128.942-192 288 0 99.060 57.502 198.104 128 237.832v52.78c-217.102 17.748-384 124.42-384 253.388h279.006c14.518-12.91 30.596-25.172 48.19-36.672z"
          ],
          "attrs": [
            {},
            {}
          ],
          "width": 1152,
          "isMulticolor": false,
          "isMulticolor2": false,
          "tags": [
            "users",
            "group",
            "team",
            "members",
            "community",
            "collaborate"
          ],
          "grid": 16
        },
        {
          "id": 17,
          "paths": [
            "M512 64c282.77 0 512 186.25 512 416 0 229.752-229.23 416-512 416-27.156 0-53.81-1.734-79.824-5.044-109.978 109.978-241.25 129.7-368.176 132.596v-26.916c68.536-33.578 128-94.74 128-164.636 0-9.754-0.758-19.33-2.164-28.696-115.796-76.264-189.836-192.754-189.836-323.304 0-229.75 229.23-416 512-416z"
          ],
          "attrs": [
            {}
          ],
          "isMulticolor": false,
          "isMulticolor2": false,
          "tags": [
            "bubble",
            "comment",
            "chat",
            "talk"
          ],
          "grid": 16
        }
      ],
      "invisible": false,
      "colorThemes": []
    }
  ],
  "uid": -1,
  "preferences": {
    "showGlyphs": true,
    "showCodes": true,
    "showQuickUse": true,
    "showQuickUse2": true,
    "showSVGs": true,
    "fontPref": {
      "prefix": "icon-",
      "metadata": {},
      "metrics": {
        "emSize": 1024,
        "baseline": 6.25,
        "whitespace": 50
      }
    },
    "imagePref": {
      "prefix": "icon-",
      "png": false,
      "useClassSelector": true,
      "color": 0,
      "bgColor": 16777215,
      "name": "civis",
      "classSelector": ".icon",
      "height": 32,
      "columns": 16,
      "margin": 16
    },
    "historySize": 50,
    "gridSize": 16
  }
}